<?xml version="1.0" encoding="UTF-8"?>
<project-private xmlns="http://www.netbeans.org/ns/project-private/1">
    <editor-bookmarks xmlns="http://www.netbeans.org/ns/editor-bookmarks/2" lastBookmarkId="0"/>
    <open-files xmlns="http://www.netbeans.org/ns/projectui-open-files/2">
        <group>
            <file>file:/C:/Users/DAVID/Documents/NetBeansProjects/Batalla/src/Negocios/Juego.java</file>
            <file>file:/C:/Users/DAVID/Documents/NetBeansProjects/Batalla/src/data/Lancha.java</file>
            <file>file:/C:/Users/DAVID/Documents/NetBeansProjects/Batalla/src/imagenes/mar_1.jpg</file>
            <file>file:/C:/Users/DAVID/Documents/NetBeansProjects/Batalla/src/data/Jugador.java</file>
            <file>file:/C:/Users/DAVID/Documents/NetBeansProjects/Batalla/src/Negocios/GUI.java</file>
            <file>file:/C:/Users/DAVID/Documents/NetBeansProjects/Batalla/src/UI/Tablero.java</file>
            <file>file:/C:/Users/DAVID/Documents/NetBeansProjects/Batalla/src/data/JugadorPC.java</file>
            <file>file:/C:/Users/DAVID/Documents/NetBeansProjects/Batalla/src/data/PortaAviones.java</file>
            <file>file:/C:/Users/DAVID/Documents/NetBeansProjects/Batalla/src/data/Submarino.java</file>
        </group>
    </open-files>
</project-private>
